"binary","filename","configuration","rate","time"
"old","tap_parser/compare.js","n=1",6.15580271418083,0.162448351
"new","tap_parser/compare.js","n=1",6.300427598680353,0.158719386
"old","tap_parser/compare.js","n=1",6.44032695736671,0.155271620
"new","tap_parser/compare.js","n=1",6.280527130168899,0.159222304
"old","tap_parser/compare.js","n=1",6.300190070434235,0.158725370
"new","tap_parser/compare.js","n=1",6.260347023305782,0.159735554
"old","tap_parser/compare.js","n=1",5.995400197070004,0.166794537
"new","tap_parser/compare.js","n=1",6.250525005034642,0.159986561
"old","tap_parser/compare.js","n=1",6.189095854110979,0.161574489
"new","tap_parser/compare.js","n=1",5.885822702904806,0.169899783
"old","tap_parser/compare.js","n=1",6.155442629446527,0.162457854
"new","tap_parser/compare.js","n=1",6.109989439249854,0.163666404
"old","tap_parser/compare.js","n=1",6.3151864199140615,0.158348453
"new","tap_parser/compare.js","n=1",6.278306490360687,0.159278621
"old","tap_parser/compare.js","n=1",6.292720849220801,0.158913771
"new","tap_parser/compare.js","n=1",6.086459051624262,0.164299142
"old","tap_parser/compare.js","n=1",6.294012019838399,0.158881171
"new","tap_parser/compare.js","n=1",6.188200606413956,0.161597864
"old","tap_parser/compare.js","n=1",6.169687938171237,0.162082752
"new","tap_parser/compare.js","n=1",6.315890448151713,0.158330802
"old","tap_parser/compare.js","n=1",6.272228070656749,0.159432978
"new","tap_parser/compare.js","n=1",6.219957450017479,0.160772804
"old","tap_parser/compare.js","n=1",6.281630443414389,0.159194338
"new","tap_parser/compare.js","n=1",6.068911642047824,0.164774190
"old","tap_parser/compare.js","n=1",6.144440811031778,0.162748740
"new","tap_parser/compare.js","n=1",6.115425363639856,0.163520923
"old","tap_parser/compare.js","n=1",5.799952571467842,0.172415203
"new","tap_parser/compare.js","n=1",6.094946429413075,0.164070351
"old","tap_parser/compare.js","n=1",6.250582319875376,0.159985094
"new","tap_parser/compare.js","n=1",5.977550960669252,0.167292593
"old","tap_parser/compare.js","n=1",6.328975647949768,0.158003452
"new","tap_parser/compare.js","n=1",6.092927341518527,0.164124721
"old","tap_parser/compare.js","n=1",5.908815606628496,0.169238654
"new","tap_parser/compare.js","n=1",6.056603673365257,0.165109037
"old","tap_parser/compare.js","n=1",6.027041321377218,0.165918889
"new","tap_parser/compare.js","n=1",6.187334329869525,0.161620489
"old","tap_parser/compare.js","n=1",6.323500056775545,0.158140269
"new","tap_parser/compare.js","n=1",6.075034266990162,0.164608125
"old","tap_parser/compare.js","n=1",6.330184406311091,0.157973281
"new","tap_parser/compare.js","n=1",6.23067350222226,0.160496293
"old","tap_parser/compare.js","n=1",6.260306969394411,0.159736576
"new","tap_parser/compare.js","n=1",6.059837820075635,0.165020918
"old","tap_parser/compare.js","n=1",6.175266805335577,0.161936323
"new","tap_parser/compare.js","n=1",6.241079936500756,0.160228680
"old","tap_parser/compare.js","n=1",6.265214329003784,0.159611459
"new","tap_parser/compare.js","n=1",6.364598170139838,0.157119110
"old","tap_parser/compare.js","n=1",6.207884894093576,0.161085461
"new","tap_parser/compare.js","n=1",6.21815782423275,0.160819334
"old","tap_parser/compare.js","n=1",6.250031797036768,0.159999186
"new","tap_parser/compare.js","n=1",6.248031869960962,0.160050400
"old","tap_parser/compare.js","n=1",6.213982939298565,0.160927381
"new","tap_parser/compare.js","n=1",6.297556232044643,0.158791754
"old","tap_parser/compare.js","n=1",5.925980462504642,0.168748447
"new","tap_parser/compare.js","n=1",6.053997736821918,0.165180108
"old","tap_parser/compare.js","n=1",5.792887618866506,0.172625479
"new","tap_parser/compare.js","n=1",5.76576925639364,0.173437395
"old","tap_parser/compare.js","n=1",6.204540764617698,0.161172283
"new","tap_parser/compare.js","n=1",6.234759442281315,0.160391112
"old","tap_parser/compare.js","n=1",6.186468869914452,0.161643099
"new","tap_parser/compare.js","n=1",6.281143164035923,0.159206688
"old","tap_parser/compare.js","n=1",6.346153748520711,0.157575760
"new","tap_parser/compare.js","n=1",6.078749432981851,0.164507521
"old","tap_parser/compare.js","n=1",6.143307413941202,0.162778766
"new","tap_parser/compare.js","n=1",6.389260766937856,0.156512629
"old","tap_parser/compare.js","n=1",6.308661363694245,0.158512233
"new","tap_parser/compare.js","n=1",6.314622305485148,0.158362599
"old","tap_parser/compare.js","n=1",6.316488343252378,0.158315815
"new","tap_parser/compare.js","n=1",6.354972589064957,0.157357091
"old","tap_parser/compare.js","n=1",6.19790382925836,0.161344872
"new","tap_parser/compare.js","n=1",6.281965861812406,0.159185838
"old","tap_parser/compare.js","n=1",6.341250153751537,0.157697611
"new","tap_parser/compare.js","n=1",5.922973319338848,0.168834122
"old","tap_parser/compare.js","n=1",6.251912850885638,0.159951046
"new","tap_parser/compare.js","n=1",6.267387927697206,0.159556104
"old","tap_parser/compare.js","n=1",6.433036410748063,0.155447589
"new","tap_parser/compare.js","n=1",6.308156232793321,0.158524926
"old","tap_parser/compare.js","n=1",6.311357240018234,0.158444525
"new","tap_parser/compare.js","n=1",6.187943780377351,0.161604571
"old","tap_parser/compare.js","n=1",6.172764099381774,0.162001979
"new","tap_parser/compare.js","n=1",6.294427247719513,0.158870690
"old","tap_parser/compare.js","n=1",6.3657378673173985,0.157090980
"new","tap_parser/compare.js","n=1",6.326594057654163,0.158062931
"old","tap_parser/compare.js","n=1",6.339388226721475,0.157743928
"new","tap_parser/compare.js","n=1",6.429182067691945,0.155540781
"old","tap_parser/compare.js","n=1",6.3448973380700195,0.157606963
"new","tap_parser/compare.js","n=1",6.397688356534113,0.156306457
"old","tap_parser/compare.js","n=1",6.407291395090951,0.156072190
"new","tap_parser/compare.js","n=1",6.1908275287824885,0.161529294
"old","tap_parser/compare.js","n=1",6.362627777233738,0.157167767
"new","tap_parser/compare.js","n=1",6.158782351575593,0.162369758
"old","tap_parser/compare.js","n=1",6.209869224687333,0.161033987
"new","tap_parser/compare.js","n=1",6.2796176597015405,0.159245364
"old","tap_parser/compare.js","n=1",6.306444491299925,0.158567954
"new","tap_parser/compare.js","n=1",6.182195419382672,0.161754835
"old","tap_parser/compare.js","n=1",6.251600370622377,0.159959041
"new","tap_parser/compare.js","n=1",6.272308917135229,0.159430923
"old","tap_parser/compare.js","n=1",6.2115011546652665,0.160991679
"new","tap_parser/compare.js","n=1",6.351532623234103,0.157442315
"old","tap_parser/compare.js","n=1",6.404416895774007,0.156142240
"new","tap_parser/compare.js","n=1",6.271847471077893,0.159442653
"old","tap_parser/compare.js","n=1",6.2199964089472735,0.160771797
"new","tap_parser/compare.js","n=1",6.298131660502538,0.158777246
"old","tap_parser/compare.js","n=1",6.329215712260283,0.157997459
"new","tap_parser/compare.js","n=1",6.364431848187221,0.157123216
"old","tap_parser/compare.js","n=1",6.233061538399496,0.160434803
"new","tap_parser/compare.js","n=1",6.212474788534813,0.160966448
"old","tap_parser/compare.js","n=1",6.276005137211453,0.159337027
"new","tap_parser/compare.js","n=1",6.322594129011066,0.158162928
"old","tap_parser/compare.js","n=1",6.441035766730238,0.155254533
"new","tap_parser/compare.js","n=1",6.130946483930701,0.163106953
"old","tap_parser/compare.js","n=1",6.142598470137938,0.162797553
"new","tap_parser/compare.js","n=1",6.300898024149275,0.158707536
"old","tap_parser/compare.js","n=1",6.37012052669354,0.156982901
"new","tap_parser/compare.js","n=1",6.355281514121924,0.157349442
"old","tap_parser/compare.js","n=1",6.294151862438593,0.158877641
"new","tap_parser/compare.js","n=1",6.374973140644415,0.156863406
"old","tap_parser/compare.js","n=1",6.362362705382237,0.157174315
"new","tap_parser/compare.js","n=1",6.314430196206332,0.158367417
"old","tap_parser/compare.js","n=1",6.378455312892893,0.156777770
"new","tap_parser/compare.js","n=1",6.331023769531185,0.157952337
"old","tap_parser/compare.js","n=1",6.2949356506183305,0.158857859
"new","tap_parser/compare.js","n=1",6.396661904543779,0.156331539
"old","tap_parser/compare.js","n=1",6.281704548067164,0.159192460
"new","tap_parser/compare.js","n=1",6.405163443085617,0.156124041
"old","tap_parser/compare.js","n=1",6.3983237006143465,0.156290936
"new","tap_parser/compare.js","n=1",6.3211382478699845,0.158199356
"old","tap_parser/compare.js","n=1",6.339141925001016,0.157750057
"new","tap_parser/compare.js","n=1",6.386986856622128,0.156568351
"old","tap_parser/compare.js","n=1",6.207937190376028,0.161084104
"new","tap_parser/compare.js","n=1",6.417714246742258,0.155818717
"old","tap_parser/compare.js","n=1",6.406845011704793,0.156083064
"new","tap_parser/compare.js","n=1",6.3015110721078385,0.158692096
"old","tap_parser/compare.js","n=1",6.233010488529837,0.160436117
"new","tap_parser/compare.js","n=1",6.300546210732429,0.158716398
"old","tap_parser/compare.js","n=1",6.292505679222344,0.158919205
"new","tap_parser/compare.js","n=1",6.395361040450544,0.156363338
"old","tap_parser/compare.js","n=1",6.2731259966076065,0.159410157
"new","tap_parser/compare.js","n=1",6.413312312462323,0.155925667
"old","tap_parser/compare.js","n=1",6.453445723446399,0.154955979
"new","tap_parser/compare.js","n=1",6.39816510861749,0.156294810
"old","tap_parser/compare.js","n=1",6.418210012444845,0.155806681
"new","tap_parser/compare.js","n=1",6.424765177402672,0.155647712
"old","tap_parser/compare.js","n=1",6.266535821398716,0.159577800
"new","tap_parser/compare.js","n=1",6.308798196339831,0.158508795
"old","tap_parser/compare.js","n=1",6.335410640569251,0.157842965
"new","tap_parser/compare.js","n=1",6.313710747557685,0.158385463
"old","tap_parser/compare.js","n=1",6.379701932032122,0.156747135
"new","tap_parser/compare.js","n=1",6.4386700962972645,0.155311576
"old","tap_parser/compare.js","n=1",6.176981133893602,0.161891380
"new","tap_parser/compare.js","n=1",6.204082923102309,0.161184177
"old","tap_parser/compare.js","n=1",6.395318135964041,0.156364387
"new","tap_parser/compare.js","n=1",6.3381051278933915,0.157775862
"old","tap_parser/compare.js","n=1",6.325192304821643,0.158097960
"new","tap_parser/compare.js","n=1",6.333892806084895,0.157880790
"old","tap_parser/compare.js","n=1",6.388069620734494,0.156541813
"new","tap_parser/compare.js","n=1",6.407142374776567,0.156075820
"old","tap_parser/compare.js","n=1",6.274078934626262,0.159385945
"new","tap_parser/compare.js","n=1",6.341267444723695,0.157697181
"old","tap_parser/compare.js","n=1",6.3413124016926155,0.157696063
"new","tap_parser/compare.js","n=1",6.385390879531658,0.156607484
"old","tap_parser/compare.js","n=1",6.373728896806703,0.156894028
"new","tap_parser/compare.js","n=1",6.253586940214152,0.159908227
"old","tap_parser/compare.js","n=1",6.292169213570022,0.158927703
"new","tap_parser/compare.js","n=1",6.341685432400877,0.157686787
"old","tap_parser/compare.js","n=1",6.314633111480908,0.158362328
"new","tap_parser/compare.js","n=1",6.35479776428047,0.157361420
"old","tap_parser/compare.js","n=1",6.282001891824869,0.159184925
"new","tap_parser/compare.js","n=1",6.348775559591076,0.157510687
"old","tap_parser/compare.js","n=1",6.364378542747226,0.157124532
"new","tap_parser/compare.js","n=1",6.29813800714292,0.158777086
"old","tap_parser/compare.js","n=1",6.200583980920258,0.161275132
"new","tap_parser/compare.js","n=1",6.344046967415814,0.157628089
"old","tap_parser/compare.js","n=1",6.365993453734343,0.157084673
"new","tap_parser/compare.js","n=1",6.294125438445631,0.158878308
"old","tap_parser/compare.js","n=1",6.394357741500568,0.156387872
"new","tap_parser/compare.js","n=1",6.411148833954676,0.155978285
"old","tap_parser/compare.js","n=1",6.379377605465401,0.156755104
"new","tap_parser/compare.js","n=1",6.237055109065917,0.160332077
"old","tap_parser/compare.js","n=1",6.370673050013108,0.156969286
"new","tap_parser/compare.js","n=1",6.435322362125487,0.155392371
"old","tap_parser/compare.js","n=1",6.277578225074896,0.159297099
"new","tap_parser/compare.js","n=1",6.427314213774642,0.155585983
"old","tap_parser/compare.js","n=1",6.418857597143536,0.155790962
"new","tap_parser/compare.js","n=1",6.308869679628469,0.158506999
"old","tap_parser/compare.js","n=1",6.3433238527283695,0.157646058
"new","tap_parser/compare.js","n=1",6.374195868100907,0.156882534
"old","tap_parser/compare.js","n=1",6.337351478226841,0.157794625
"new","tap_parser/compare.js","n=1",6.312807582474795,0.158408123
"old","tap_parser/compare.js","n=1",6.375680888449602,0.156845993
"new","tap_parser/compare.js","n=1",6.216788826152649,0.160854748
"old","tap_parser/compare.js","n=1",6.350667325264738,0.157463767
"new","tap_parser/compare.js","n=1",6.428016112259491,0.155568994
"old","tap_parser/compare.js","n=1",6.3258684332472415,0.158081062
"new","tap_parser/compare.js","n=1",6.298671805375073,0.158763630
"old","tap_parser/compare.js","n=1",6.23878259091675,0.160287682
"new","tap_parser/compare.js","n=1",6.414133013570843,0.155905716
"old","tap_parser/compare.js","n=1",6.31417323143891,0.158373862
"new","tap_parser/compare.js","n=1",6.3932104718537115,0.156415936
"old","tap_parser/compare.js","n=1",6.430161635101625,0.155517086
"new","tap_parser/compare.js","n=1",6.337857319126536,0.157782031
"old","tap_parser/compare.js","n=1",6.396246171047136,0.156341700
"new","tap_parser/compare.js","n=1",6.336426561342077,0.157817658
"old","tap_parser/compare.js","n=1",6.296424997555255,0.158820283
"new","tap_parser/compare.js","n=1",6.10697965116517,0.163747066
"old","tap_parser/compare.js","n=1",6.1789979837806,0.161838538
"new","tap_parser/compare.js","n=1",5.889434223668356,0.169795597
"old","tap_parser/compare.js","n=1",6.345512656505724,0.157591680
"new","tap_parser/compare.js","n=1",6.200449072484434,0.161278641
"old","tap_parser/compare.js","n=1",6.348237668597528,0.157524033
"new","tap_parser/compare.js","n=1",6.384295165067292,0.156634362
"old","tap_parser/compare.js","n=1",6.238673220867024,0.160290492
"new","tap_parser/compare.js","n=1",6.2368062702155935,0.160338474
"old","tap_parser/compare.js","n=1",6.2765138775730325,0.159324112
"new","tap_parser/compare.js","n=1",6.221345803266139,0.160736926
"old","tap_parser/compare.js","n=1",6.306776797537184,0.158559599
"new","tap_parser/compare.js","n=1",6.400800827234378,0.156230451
"old","tap_parser/compare.js","n=1",6.330417108524506,0.157967474
"new","tap_parser/compare.js","n=1",6.380822290570612,0.156719613
"old","tap_parser/compare.js","n=1",6.36941514870871,0.157000286
"new","tap_parser/compare.js","n=1",6.32500115209896,0.158102738
"old","tap_parser/compare.js","n=1",6.366275931600553,0.157077703
"new","tap_parser/compare.js","n=1",6.384631446383601,0.156626112
"old","tap_parser/compare.js","n=1",6.187318978382065,0.161620890
"new","tap_parser/compare.js","n=1",6.202767745679674,0.161218353
"old","tap_parser/compare.js","n=1",6.27220053218618,0.159433678
"new","tap_parser/compare.js","n=1",6.38774142340955,0.156549856
"old","tap_parser/compare.js","n=1",6.456737595026794,0.154876977
"new","tap_parser/compare.js","n=1",6.325935061607048,0.158079397
"old","tap_parser/compare.js","n=1",6.1444045295050955,0.162749701
"new","tap_parser/compare.js","n=1",6.163339061417391,0.162249714
"old","tap_parser/compare.js","n=1",6.23630122380115,0.160351459
"new","tap_parser/compare.js","n=1",6.140860784106863,0.162843620
"old","tap_parser/compare.js","n=1",6.044374570399856,0.165443089
"new","tap_parser/compare.js","n=1",6.407078786675345,0.156077369
"old","tap_parser/compare.js","n=1",6.152289000035185,0.162541129
"new","tap_parser/compare.js","n=1",6.080996156682728,0.164446741
"old","tap_parser/compare.js","n=1",6.12340281829982,0.163307891
"new","tap_parser/compare.js","n=1",6.307293045368655,0.158546621
"old","tap_parser/compare.js","n=1",6.225669151107101,0.160625304
"new","tap_parser/compare.js","n=1",6.130958023623391,0.163106646
"old","tap_parser/compare.js","n=1",6.048033628228196,0.165342996
"new","tap_parser/compare.js","n=1",5.9785132115606245,0.167265667
"old","tap_parser/compare.js","n=1",6.177413346905687,0.161880053
"new","tap_parser/compare.js","n=1",5.965978482696318,0.167617098
"old","tap_parser/compare.js","n=1",6.202442077595305,0.161226818
"new","tap_parser/compare.js","n=1",6.15454962833721,0.162481426
"old","tap_parser/compare.js","n=1",6.076431481930744,0.164570275
"new","tap_parser/compare.js","n=1",6.139201004844775,0.162887646
"old","tap_parser/compare.js","n=1",5.902521300930333,0.169419126
"new","tap_parser/compare.js","n=1",5.894291620820621,0.169655671
"old","tap_parser/compare.js","n=1",6.200006480246773,0.161290154
"new","tap_parser/compare.js","n=1",6.074877162035113,0.164612382
"old","tap_parser/compare.js","n=1",5.828705535428388,0.171564680
"new","tap_parser/compare.js","n=1",6.3131888651813215,0.158398556
"old","tap_parser/compare.js","n=1",6.234475571345266,0.160398415
"new","tap_parser/compare.js","n=1",6.273361370407259,0.159404176
"old","tap_parser/compare.js","n=1",6.199034214025785,0.161315451
"new","tap_parser/compare.js","n=1",6.040565112988015,0.165547425
"old","tap_parser/compare.js","n=1",6.171177668976487,0.162043625
"new","tap_parser/compare.js","n=1",6.029251504540928,0.165858067
"old","tap_parser/compare.js","n=1",6.161281740312683,0.162303891
"new","tap_parser/compare.js","n=1",5.995897678758965,0.166780698
"old","tap_parser/compare.js","n=1",5.982022371734763,0.167167546
"new","tap_parser/compare.js","n=1",6.230456110570608,0.160501893
"old","tap_parser/compare.js","n=1",6.113984367874821,0.163559463
"new","tap_parser/compare.js","n=1",6.138112415281312,0.162916534
"old","tap_parser/compare.js","n=1",6.096985851395603,0.164015470
"new","tap_parser/compare.js","n=1",6.219278551995725,0.160790354
"old","tap_parser/compare.js","n=1",5.955436126562904,0.167913815
"new","tap_parser/compare.js","n=1",6.066344344401461,0.164843923
"old","tap_parser/compare.js","n=1",6.168251355206459,0.162120501
"new","tap_parser/compare.js","n=1",6.100983329648746,0.163908004
"old","tap_parser/compare.js","n=1",6.164293284302052,0.162224598
"new","tap_parser/compare.js","n=1",5.993366086919175,0.166851146
"old","tap_parser/compare.js","n=1",6.259733455166108,0.159751211
"new","tap_parser/compare.js","n=1",6.045051776019588,0.165424555
"old","tap_parser/compare.js","n=1",6.095583627750022,0.164053200
"new","tap_parser/compare.js","n=1",6.281528246575211,0.159196928
"old","tap_parser/compare.js","n=1",6.274803080835445,0.159367551
"new","tap_parser/compare.js","n=1",6.12347049943993,0.163306086
"old","tap_parser/compare.js","n=1",6.262790457809544,0.159673233
"new","tap_parser/compare.js","n=1",5.992178648896741,0.166884210
"old","tap_parser/compare.js","n=1",6.201434973603995,0.161253001
"new","tap_parser/compare.js","n=1",6.091810269570097,0.164154817
"old","tap_parser/compare.js","n=1",6.214827687656458,0.160905507
"new","tap_parser/compare.js","n=1",6.144292327536766,0.162752673
"old","tap_parser/compare.js","n=1",6.15765514669348,0.162399481
"new","tap_parser/compare.js","n=1",6.108303656699945,0.163711573
"old","tap_parser/compare.js","n=1",6.1045033220127145,0.163813491
"new","tap_parser/compare.js","n=1",6.320389666180593,0.158218093
"old","tap_parser/compare.js","n=1",6.0679082549504715,0.164801437
"new","tap_parser/compare.js","n=1",6.192418941019327,0.161487782
"old","tap_parser/compare.js","n=1",6.187790123821641,0.161608584
"new","tap_parser/compare.js","n=1",6.101009645714552,0.163907297
"old","tap_parser/compare.js","n=1",6.137621455396254,0.162929566
"new","tap_parser/compare.js","n=1",6.294764668145609,0.158862174
"old","tap_parser/compare.js","n=1",6.029384737102124,0.165854402
"new","tap_parser/compare.js","n=1",6.243505232703588,0.160166439
"old","tap_parser/compare.js","n=1",6.308667890771144,0.158512069
"new","tap_parser/compare.js","n=1",6.031993536887821,0.165782671
"old","tap_parser/compare.js","n=1",6.137686249163327,0.162927846
"new","tap_parser/compare.js","n=1",6.1754556121466075,0.161931372
"old","tap_parser/compare.js","n=1",6.095913369170721,0.164044326
"new","tap_parser/compare.js","n=1",6.2088255910157795,0.161061055
"old","tap_parser/compare.js","n=1",6.127016532871823,0.163211572
"new","tap_parser/compare.js","n=1",6.1798385548076755,0.161816525
"old","tap_parser/compare.js","n=1",6.2457080665237115,0.160109949
"new","tap_parser/compare.js","n=1",6.0659193648118634,0.164855472
"old","tap_parser/compare.js","n=1",6.128615304641669,0.163168995
"new","tap_parser/compare.js","n=1",6.254969182079589,0.159872890
"old","tap_parser/compare.js","n=1",6.3110787383626,0.158451517
"new","tap_parser/compare.js","n=1",6.171771599199401,0.162028031
"old","tap_parser/compare.js","n=1",6.21098461322969,0.161005068
"new","tap_parser/compare.js","n=1",6.15023462253301,0.162595423
"old","tap_parser/compare.js","n=1",6.298972066969008,0.158756062
"new","tap_parser/compare.js","n=1",6.165487808956294,0.162193168
"old","tap_parser/compare.js","n=1",6.127979330864979,0.163185929
"new","tap_parser/compare.js","n=1",5.948569335762761,0.168107648
"old","tap_parser/compare.js","n=1",6.211011076704732,0.161004382
"new","tap_parser/compare.js","n=1",6.163056111119112,0.162257163
"old","tap_parser/compare.js","n=1",6.260940563194518,0.159720411
"new","tap_parser/compare.js","n=1",6.053975709718015,0.165180709
"old","tap_parser/compare.js","n=1",6.1851155861412,0.161678466
"new","tap_parser/compare.js","n=1",6.1922823170492505,0.161491345
"old","tap_parser/compare.js","n=1",6.298570362466411,0.158766187
"new","tap_parser/compare.js","n=1",6.092728179037206,0.164130086
"old","tap_parser/compare.js","n=1",6.2142970766840415,0.160919246
"new","tap_parser/compare.js","n=1",6.034948641048152,0.165701493
"old","tap_parser/compare.js","n=1",6.2796410044783135,0.159244772
"new","tap_parser/compare.js","n=1",6.1578107987508215,0.162395376
"old","tap_parser/compare.js","n=1",6.13572567568099,0.162979907
"new","tap_parser/compare.js","n=1",6.131783694241843,0.163084683
"old","tap_parser/compare.js","n=1",6.150583846324317,0.162586191
"new","tap_parser/compare.js","n=1",6.143057432856843,0.162785390
"old","tap_parser/compare.js","n=1",6.1641734393262135,0.162227752
"new","tap_parser/compare.js","n=1",6.137318525014802,0.162937608
"old","tap_parser/compare.js","n=1",6.143022828080989,0.162786307
"new","tap_parser/compare.js","n=1",6.175839210395735,0.161921314
"old","tap_parser/compare.js","n=1",6.1115483346742785,0.163624657
"new","tap_parser/compare.js","n=1",6.182808406922871,0.161738798
"old","tap_parser/compare.js","n=1",6.302245536721351,0.158673602
"new","tap_parser/compare.js","n=1",6.159707010825759,0.162345384
"old","tap_parser/compare.js","n=1",6.244000920016072,0.160153724
"new","tap_parser/compare.js","n=1",6.033921499888071,0.165729700
"old","tap_parser/compare.js","n=1",6.123832365820893,0.163296436
"new","tap_parser/compare.js","n=1",6.078165586285903,0.164523323
"old","tap_parser/compare.js","n=1",6.213098582421291,0.160950287
"new","tap_parser/compare.js","n=1",6.263680936160733,0.159650533
"old","tap_parser/compare.js","n=1",6.15262706285434,0.162532198
"new","tap_parser/compare.js","n=1",6.129714655469181,0.163139731
"old","tap_parser/compare.js","n=1",6.1440712578570915,0.162758529
"new","tap_parser/compare.js","n=1",6.163241437020387,0.162252284
"old","tap_parser/compare.js","n=1",6.026565643748551,0.165931985
"new","tap_parser/compare.js","n=1",6.132278496397691,0.163071524
"old","tap_parser/compare.js","n=1",5.928317207085344,0.168681932
"new","tap_parser/compare.js","n=1",6.051831308663918,0.165239239
"old","tap_parser/compare.js","n=1",6.195655619909762,0.161403419
"new","tap_parser/compare.js","n=1",5.9412843307609,0.168313776
"old","tap_parser/compare.js","n=1",6.156445082930732,0.162431401
"new","tap_parser/compare.js","n=1",6.187772779068041,0.161609037
"old","tap_parser/compare.js","n=1",6.125624178132661,0.163248670
"new","tap_parser/compare.js","n=1",6.118551150338095,0.163437385
"old","tap_parser/compare.js","n=1",6.194289451105863,0.161439017
"new","tap_parser/compare.js","n=1",6.156309852221537,0.162434969
"old","tap_parser/compare.js","n=1",6.291633983463183,0.158941223
"new","tap_parser/compare.js","n=1",6.215744913237928,0.160881763
"old","tap_parser/compare.js","n=1",6.083619656357619,0.164375825
"new","tap_parser/compare.js","n=1",6.176034727299781,0.161916188
"old","tap_parser/compare.js","n=1",6.165598847629845,0.162190247
"new","tap_parser/compare.js","n=1",6.064033158133309,0.164906750
"old","tap_parser/compare.js","n=1",6.272943486832574,0.159414795
"new","tap_parser/compare.js","n=1",6.131655710695779,0.163088087
"old","tap_parser/compare.js","n=1",6.0840009246707965,0.164365524
"new","tap_parser/compare.js","n=1",6.213194009499291,0.160947815
"old","tap_parser/compare.js","n=1",5.897659483755809,0.169558789
"new","tap_parser/compare.js","n=1",6.2163802614510075,0.160865320
"old","tap_parser/compare.js","n=1",6.295014388892089,0.158855872
"new","tap_parser/compare.js","n=1",6.200949251232898,0.161265632
"old","tap_parser/compare.js","n=1",5.9937269294332935,0.166841101
"new","tap_parser/compare.js","n=1",6.139079005422299,0.162890883
"old","tap_parser/compare.js","n=1",6.191415357426879,0.161513958
"new","tap_parser/compare.js","n=1",6.077655800508922,0.164537123
"old","tap_parser/compare.js","n=1",6.0810914148276405,0.164444165
"new","tap_parser/compare.js","n=1",6.125915972991424,0.163240894
"old","tap_parser/compare.js","n=1",6.248556895784918,0.160036952
"new","tap_parser/compare.js","n=1",5.912250531332477,0.169140329
"old","tap_parser/compare.js","n=1",6.193218290959241,0.161466939
"new","tap_parser/compare.js","n=1",5.96867739570251,0.167541305
"old","tap_parser/compare.js","n=1",6.023028821825153,0.166029423
"new","tap_parser/compare.js","n=1",6.275884335803141,0.159340094
"old","tap_parser/compare.js","n=1",6.110139144121282,0.163662394
"new","tap_parser/compare.js","n=1",5.947254525181219,0.168144813
"old","tap_parser/compare.js","n=1",6.198158370954399,0.161338246
"new","tap_parser/compare.js","n=1",6.128119441067953,0.163182198
"old","tap_parser/compare.js","n=1",6.2021090966619425,0.161235474
"new","tap_parser/compare.js","n=1",6.267082460848393,0.159563881
"old","tap_parser/compare.js","n=1",6.10952405701772,0.163678871
"new","tap_parser/compare.js","n=1",6.069865069570244,0.164748308
"old","tap_parser/compare.js","n=1",6.133397632602968,0.163041769
"new","tap_parser/compare.js","n=1",6.150563720999531,0.162586723
"old","tap_parser/compare.js","n=1",6.107786415619706,0.163725437
"new","tap_parser/compare.js","n=1",6.244729448345596,0.160135040
"old","tap_parser/compare.js","n=1",6.081252872365771,0.164439799
"new","tap_parser/compare.js","n=1",6.119306977714793,0.163417198
"old","tap_parser/compare.js","n=1",6.0077018377097335,0.166453001
"new","tap_parser/compare.js","n=1",6.217469770708606,0.160837131
"old","tap_parser/compare.js","n=1",6.218295205742278,0.160815781
"new","tap_parser/compare.js","n=1",6.082619354966562,0.164402857
"old","tap_parser/compare.js","n=1",6.0674156130791586,0.164814818
"new","tap_parser/compare.js","n=1",6.254928297098586,0.159873935
"old","tap_parser/compare.js","n=1",6.063326730431156,0.164925963
"new","tap_parser/compare.js","n=1",6.195383167008876,0.161410517
"old","tap_parser/compare.js","n=1",5.797186407462249,0.172497472
"new","tap_parser/compare.js","n=1",6.105667701440982,0.163782251
"old","tap_parser/compare.js","n=1",6.216181795369561,0.160870456
"new","tap_parser/compare.js","n=1",6.063397207706147,0.164924046
"old","tap_parser/compare.js","n=1",5.9846177728461605,0.167095049
"new","tap_parser/compare.js","n=1",5.858197628136459,0.170700967
"old","tap_parser/compare.js","n=1",6.157102067309206,0.162414069
"new","tap_parser/compare.js","n=1",6.069554459924094,0.164756739
"old","tap_parser/compare.js","n=1",6.182794110013127,0.161739172
"new","tap_parser/compare.js","n=1",6.16434116279866,0.162223338
"old","tap_parser/compare.js","n=1",6.081812345047585,0.164424672
"new","tap_parser/compare.js","n=1",5.969328194911745,0.167523039
"old","tap_parser/compare.js","n=1",6.282024978085156,0.159184340
"new","tap_parser/compare.js","n=1",6.246306558931703,0.160094608
"old","tap_parser/compare.js","n=1",6.089138879703423,0.164226834
"new","tap_parser/compare.js","n=1",6.261239394305734,0.159712788
"old","tap_parser/compare.js","n=1",6.109982346183608,0.163666594
"new","tap_parser/compare.js","n=1",6.162581167048422,0.162269668
"old","tap_parser/compare.js","n=1",6.0283075214969895,0.165884039
"new","tap_parser/compare.js","n=1",6.3040652792515885,0.158627799
"old","tap_parser/compare.js","n=1",6.1415734759149565,0.162824723
"new","tap_parser/compare.js","n=1",6.178822322520573,0.161843139
"old","tap_parser/compare.js","n=1",6.113209898333407,0.163580184
"new","tap_parser/compare.js","n=1",6.182093642422684,0.161757498
"old","tap_parser/compare.js","n=1",6.169019207747163,0.162100322
"new","tap_parser/compare.js","n=1",6.188950950038629,0.161578272
"old","tap_parser/compare.js","n=1",6.073730840795671,0.164643450
"new","tap_parser/compare.js","n=1",6.211387916368432,0.160994614
"old","tap_parser/compare.js","n=1",6.154631636341575,0.162479261
"new","tap_parser/compare.js","n=1",6.090613776426298,0.164187065
"old","tap_parser/compare.js","n=1",6.090151711891099,0.164199522
"new","tap_parser/compare.js","n=1",6.088118415315622,0.164254361
"old","tap_parser/compare.js","n=1",5.986766551875407,0.167035075
"new","tap_parser/compare.js","n=1",6.204622916865331,0.161170149
"old","tap_parser/compare.js","n=1",6.050199241228783,0.165283813
"new","tap_parser/compare.js","n=1",6.193585686068534,0.161457361
"old","tap_parser/compare.js","n=1",6.336723888276131,0.157810253
"new","tap_parser/compare.js","n=1",6.048162131969409,0.165339483
"old","tap_parser/compare.js","n=1",6.142844678147742,0.162791028
"new","tap_parser/compare.js","n=1",6.2240042791274215,0.160668270
"old","tap_parser/compare.js","n=1",6.076084536126673,0.164579672
"new","tap_parser/compare.js","n=1",6.168041531348059,0.162126016
"old","tap_parser/compare.js","n=1",6.165015986718731,0.162205581
"new","tap_parser/compare.js","n=1",6.120925293910918,0.163373992
"old","tap_parser/compare.js","n=1",6.142352508234561,0.162804072
"new","tap_parser/compare.js","n=1",6.223923162332538,0.160670364
"old","tap_parser/compare.js","n=1",6.102152175373314,0.163876608
"new","tap_parser/compare.js","n=1",6.245194205961122,0.160123123
"old","tap_parser/compare.js","n=1",6.169898483143415,0.162077221
"new","tap_parser/compare.js","n=1",6.097776294039749,0.163994209
"old","tap_parser/compare.js","n=1",6.110947863928868,0.163640735
"new","tap_parser/compare.js","n=1",6.35061360485983,0.157465099
"old","tap_parser/compare.js","n=1",6.32397421407103,0.158128412
"new","tap_parser/compare.js","n=1",6.130036977057349,0.163131153
"old","tap_parser/compare.js","n=1",6.330161084938463,0.157973863
"new","tap_parser/compare.js","n=1",6.04071935350675,0.165543198
"old","tap_parser/compare.js","n=1",6.252231069580736,0.159942905
"new","tap_parser/compare.js","n=1",5.979478596880905,0.167238662
"old","tap_parser/compare.js","n=1",6.304564031516515,0.158615250
"new","tap_parser/compare.js","n=1",6.0403173302454585,0.165554216
"old","tap_parser/compare.js","n=1",6.29366616388246,0.158889902
"new","tap_parser/compare.js","n=1",6.127774115343362,0.163191394
"old","tap_parser/compare.js","n=1",6.23899289577733,0.160282279
"new","tap_parser/compare.js","n=1",6.253968768580542,0.159898464
"old","tap_parser/compare.js","n=1",6.353980467902165,0.157381661
"new","tap_parser/compare.js","n=1",6.086796290796425,0.164290039
"old","tap_parser/compare.js","n=1",6.3483838002018365,0.157520407
"new","tap_parser/compare.js","n=1",6.264608204950316,0.159626902
"old","tap_parser/compare.js","n=1",6.10789042388387,0.163722649
"new","tap_parser/compare.js","n=1",6.267484715485025,0.159553640
"old","tap_parser/compare.js","n=1",6.336070889785903,0.157826517
"new","tap_parser/compare.js","n=1",6.226621332961347,0.160600741
"old","tap_parser/compare.js","n=1",6.213735822188879,0.160933781
"new","tap_parser/compare.js","n=1",6.110029683379606,0.163665326
"old","tap_parser/compare.js","n=1",6.331119726963117,0.157949943
"new","tap_parser/compare.js","n=1",6.237559110384848,0.160319122
"old","tap_parser/compare.js","n=1",6.284049098884327,0.159133066
"new","tap_parser/compare.js","n=1",6.299307276517554,0.158747614
"old","tap_parser/compare.js","n=1",6.198466530372719,0.161330225
"new","tap_parser/compare.js","n=1",6.262637415181579,0.159677135
"old","tap_parser/compare.js","n=1",6.247403344892238,0.160066502
"new","tap_parser/compare.js","n=1",6.226625054961642,0.160600645
"old","tap_parser/compare.js","n=1",6.215034371998994,0.160900156
"new","tap_parser/compare.js","n=1",6.1947509904926745,0.161426989
"old","tap_parser/compare.js","n=1",6.200804176092793,0.161269405
"new","tap_parser/compare.js","n=1",6.2398397080024575,0.160260527
"old","tap_parser/compare.js","n=1",6.389897214669364,0.156497040
"new","tap_parser/compare.js","n=1",6.236696308208201,0.160341301
"old","tap_parser/compare.js","n=1",6.310489910971734,0.158466302
"new","tap_parser/compare.js","n=1",6.136671329064076,0.162954792
"old","tap_parser/compare.js","n=1",6.28724686860369,0.159052129
"new","tap_parser/compare.js","n=1",6.278229706725871,0.159280569
"old","tap_parser/compare.js","n=1",6.316192034521375,0.158323242
"new","tap_parser/compare.js","n=1",6.3080938382451075,0.158526494
"old","tap_parser/compare.js","n=1",6.3990809895846,0.156272440
"new","tap_parser/compare.js","n=1",6.222954146728659,0.160695383
"old","tap_parser/compare.js","n=1",6.22698475300366,0.160591368
"new","tap_parser/compare.js","n=1",6.251168851365789,0.159970083
"old","tap_parser/compare.js","n=1",6.344143923756587,0.157625680
"new","tap_parser/compare.js","n=1",6.326286594460161,0.158070613
"old","tap_parser/compare.js","n=1",6.174633847145816,0.161952923
"new","tap_parser/compare.js","n=1",6.32378581431039,0.158133123
"old","tap_parser/compare.js","n=1",6.358247049854437,0.157276053
"new","tap_parser/compare.js","n=1",6.282912092560062,0.159161864
"old","tap_parser/compare.js","n=1",6.271442060404523,0.159452960
"new","tap_parser/compare.js","n=1",6.228795544906308,0.160544682
"old","tap_parser/compare.js","n=1",6.389061191220781,0.156517518
"new","tap_parser/compare.js","n=1",6.221939480700381,0.160721589
"old","tap_parser/compare.js","n=1",6.198565120194299,0.161327659
"new","tap_parser/compare.js","n=1",6.3046961948163736,0.158611925
"old","tap_parser/compare.js","n=1",6.226618114985512,0.160600824
"new","tap_parser/compare.js","n=1",6.234198799722225,0.160405536
"old","tap_parser/compare.js","n=1",6.233460253440899,0.160424541
"new","tap_parser/compare.js","n=1",6.333978138641825,0.157878663
"old","tap_parser/compare.js","n=1",6.224034223922715,0.160667497
"new","tap_parser/compare.js","n=1",6.16887961857077,0.162103990
"old","tap_parser/compare.js","n=1",6.347646158234428,0.157538712
"new","tap_parser/compare.js","n=1",6.202417456708894,0.161227458
"old","tap_parser/compare.js","n=1",6.277376699092058,0.159302213
"new","tap_parser/compare.js","n=1",6.135689497002802,0.162980868
"old","tap_parser/compare.js","n=1",6.092650188107223,0.164132187
"new","tap_parser/compare.js","n=1",6.346667964094842,0.157562993
"old","tap_parser/compare.js","n=1",6.121544477669943,0.163357467
"new","tap_parser/compare.js","n=1",6.240972433375123,0.160231440
"old","tap_parser/compare.js","n=1",6.285284368671878,0.159101791
"new","tap_parser/compare.js","n=1",6.211747245172402,0.160985301
"old","tap_parser/compare.js","n=1",6.306877072999542,0.158557078
"new","tap_parser/compare.js","n=1",6.23837910840699,0.160298049
"old","tap_parser/compare.js","n=1",6.202976360500511,0.161212931
"new","tap_parser/compare.js","n=1",6.254815230412538,0.159876825
"old","tap_parser/compare.js","n=1",6.28429386293206,0.159126868
"new","tap_parser/compare.js","n=1",6.3107773214770235,0.158459085
"old","tap_parser/compare.js","n=1",6.286496649202989,0.159071110
"new","tap_parser/compare.js","n=1",6.131757713600975,0.163085374
"old","tap_parser/compare.js","n=1",6.15511997959947,0.162466370
"new","tap_parser/compare.js","n=1",6.049502839757623,0.165302840
"old","tap_parser/compare.js","n=1",6.047802532764061,0.165349314
"new","tap_parser/compare.js","n=1",6.1147034348349845,0.163540229
"old","tap_parser/compare.js","n=1",5.971707780332043,0.167456285
"new","tap_parser/compare.js","n=1",5.898850290482984,0.169524560
"old","tap_parser/compare.js","n=1",6.343592531614927,0.157639381
"new","tap_parser/compare.js","n=1",6.210519147542899,0.161017135
"old","tap_parser/compare.js","n=1",6.29553941390442,0.158842624
"new","tap_parser/compare.js","n=1",6.2662328720748866,0.159585515
"old","tap_parser/compare.js","n=1",6.30222103062628,0.158674219
"new","tap_parser/compare.js","n=1",6.323654648955181,0.158136403
"old","tap_parser/compare.js","n=1",6.349335553145701,0.157496795
"new","tap_parser/compare.js","n=1",6.104554524498331,0.163812117
"old","tap_parser/compare.js","n=1",6.3460217341852285,0.157579038
"new","tap_parser/compare.js","n=1",6.200534615054938,0.161276416
"old","tap_parser/compare.js","n=1",6.14765778910455,0.162663576
"new","tap_parser/compare.js","n=1",6.018816324534576,0.166145625
"old","tap_parser/compare.js","n=1",6.235021218837161,0.160384378
"new","tap_parser/compare.js","n=1",6.122856661880511,0.163322458
"old","tap_parser/compare.js","n=1",6.195241230767687,0.161414215
"new","tap_parser/compare.js","n=1",6.249462038495899,0.160013773
"old","tap_parser/compare.js","n=1",6.107578708137777,0.163731005
"new","tap_parser/compare.js","n=1",6.115377194844803,0.163522211
"old","tap_parser/compare.js","n=1",6.211174414572588,0.161000148
"new","tap_parser/compare.js","n=1",6.141078530355897,0.162837846
"old","tap_parser/compare.js","n=1",6.108044241737187,0.163718526
"new","tap_parser/compare.js","n=1",6.145380126912424,0.162723864
"old","tap_parser/compare.js","n=1",6.001089293724239,0.166636414
"new","tap_parser/compare.js","n=1",6.3313672095541795,0.157943769
"old","tap_parser/compare.js","n=1",6.306525864311261,0.158565908
"new","tap_parser/compare.js","n=1",6.3461140389331305,0.157576746
"old","tap_parser/compare.js","n=1",6.142462979252774,0.162801144
"new","tap_parser/compare.js","n=1",6.264472536831168,0.159630359
"old","tap_parser/compare.js","n=1",6.111421717329426,0.163628047
"new","tap_parser/compare.js","n=1",6.2542629055964545,0.159890944
"old","tap_parser/compare.js","n=1",6.289078565402062,0.159005805
"new","tap_parser/compare.js","n=1",6.080194789984447,0.164468415
"old","tap_parser/compare.js","n=1",6.197099121788633,0.161365823
"new","tap_parser/compare.js","n=1",5.984404462438751,0.167101005
"old","tap_parser/compare.js","n=1",6.303067336033928,0.158652914
"new","tap_parser/compare.js","n=1",6.206808025519464,0.161113409
"old","tap_parser/compare.js","n=1",6.3188101442911035,0.158257643
"new","tap_parser/compare.js","n=1",6.27816132041887,0.159282304
"old","tap_parser/compare.js","n=1",6.360019553498516,0.157232221
"new","tap_parser/compare.js","n=1",5.803599866210773,0.172306848
"old","tap_parser/compare.js","n=1",6.220059355538407,0.160770170
"new","tap_parser/compare.js","n=1",6.2202030503179095,0.160766456
"old","tap_parser/compare.js","n=1",6.222671853130906,0.160702673
"new","tap_parser/compare.js","n=1",6.33108870281355,0.157950717
"old","tap_parser/compare.js","n=1",6.27944628596184,0.159249710
"new","tap_parser/compare.js","n=1",6.191113341535361,0.161521837
"old","tap_parser/compare.js","n=1",6.122880205297724,0.163321830
"new","tap_parser/compare.js","n=1",6.029577852974653,0.165849090
"old","tap_parser/compare.js","n=1",6.09347258989982,0.164110035
"new","tap_parser/compare.js","n=1",6.077874332982921,0.164531207
"old","tap_parser/compare.js","n=1",6.208863678170456,0.161060067
"new","tap_parser/compare.js","n=1",6.093324294658563,0.164114029
"old","tap_parser/compare.js","n=1",6.121636026327541,0.163355024
"new","tap_parser/compare.js","n=1",6.0408881987992995,0.165538571
"old","tap_parser/compare.js","n=1",6.090494256825314,0.164190287
"new","tap_parser/compare.js","n=1",6.007489621415874,0.166458881
"old","tap_parser/compare.js","n=1",5.950787416522056,0.168044988
"new","tap_parser/compare.js","n=1",6.220483959126046,0.160759196
"old","tap_parser/compare.js","n=1",6.228001220538767,0.160565158
"new","tap_parser/compare.js","n=1",6.003643346986979,0.166565524
"old","tap_parser/compare.js","n=1",6.246147220240876,0.160098692
"new","tap_parser/compare.js","n=1",6.251873452028318,0.159952054
"old","tap_parser/compare.js","n=1",6.279549124856287,0.159247102
"new","tap_parser/compare.js","n=1",6.125264951398106,0.163258244
"old","tap_parser/compare.js","n=1",6.314971904184801,0.158353832
"new","tap_parser/compare.js","n=1",6.183430386498594,0.161722529
"old","tap_parser/compare.js","n=1",6.157417569711988,0.162405747
"new","tap_parser/compare.js","n=1",6.349663524980148,0.157488660
"old","tap_parser/compare.js","n=1",6.077337671029045,0.164545736
"new","tap_parser/compare.js","n=1",6.190373931394438,0.161541130
"old","tap_parser/compare.js","n=1",6.372090204124557,0.156934376
"new","tap_parser/compare.js","n=1",6.198667055992547,0.161325006
"old","tap_parser/compare.js","n=1",5.744627226802059,0.174075699
"new","tap_parser/compare.js","n=1",6.26220252784576,0.159688224
"old","tap_parser/compare.js","n=1",6.141966569988428,0.162814302
"new","tap_parser/compare.js","n=1",6.128997876363527,0.163158810
"old","tap_parser/compare.js","n=1",6.269732376034648,0.159496441
"new","tap_parser/compare.js","n=1",6.163452909805256,0.162246717
"old","tap_parser/compare.js","n=1",6.296605704504388,0.158815725
"new","tap_parser/compare.js","n=1",6.324001729133849,0.158127724
"old","tap_parser/compare.js","n=1",6.263887429925108,0.159645270
"new","tap_parser/compare.js","n=1",6.177556604503295,0.161876299
"old","tap_parser/compare.js","n=1",6.271631838152262,0.159448135
"new","tap_parser/compare.js","n=1",6.269373303915093,0.159505576
"old","tap_parser/compare.js","n=1",6.207497998345714,0.161095501
"new","tap_parser/compare.js","n=1",6.250667219659029,0.159982921
"old","tap_parser/compare.js","n=1",6.223280345835157,0.160686960
"new","tap_parser/compare.js","n=1",6.357738757551746,0.157288627
"old","tap_parser/compare.js","n=1",6.21489161117162,0.160903852
"new","tap_parser/compare.js","n=1",6.174215098429307,0.161963907
"old","tap_parser/compare.js","n=1",6.1744471492639255,0.161957820
"new","tap_parser/compare.js","n=1",6.2759613771814005,0.159338138
"old","tap_parser/compare.js","n=1",6.26561991633054,0.159601127
"new","tap_parser/compare.js","n=1",6.319133812062907,0.158249537
"old","tap_parser/compare.js","n=1",6.316029349830465,0.158327320
"new","tap_parser/compare.js","n=1",6.1659836935381795,0.162180124
"old","tap_parser/compare.js","n=1",6.254101439724171,0.159895072
"new","tap_parser/compare.js","n=1",6.28965667846124,0.158991190
"old","tap_parser/compare.js","n=1",6.263552369968496,0.159653810
"new","tap_parser/compare.js","n=1",6.129649954754296,0.163141453
"old","tap_parser/compare.js","n=1",6.249904220217825,0.160002452
"new","tap_parser/compare.js","n=1",6.271596044993559,0.159449045
"old","tap_parser/compare.js","n=1",6.3771664788963145,0.156809455
"new","tap_parser/compare.js","n=1",6.3009032250259525,0.158707405
"old","tap_parser/compare.js","n=1",6.273669653763638,0.159396343
"new","tap_parser/compare.js","n=1",6.2997153454722,0.158737331
"old","tap_parser/compare.js","n=1",6.22784002178648,0.160569314
"new","tap_parser/compare.js","n=1",6.156939096937607,0.162418368
"old","tap_parser/compare.js","n=1",6.310259547474755,0.158472087
"new","tap_parser/compare.js","n=1",6.200908954038119,0.161266680
"old","tap_parser/compare.js","n=1",6.283671367204735,0.159142632
"new","tap_parser/compare.js","n=1",6.224434574386204,0.160657163
"old","tap_parser/compare.js","n=1",6.113828007967002,0.163563646
"new","tap_parser/compare.js","n=1",6.141920207845527,0.162815531
"old","tap_parser/compare.js","n=1",6.102426879637947,0.163869231
"new","tap_parser/compare.js","n=1",6.2680460964646025,0.159539350
"old","tap_parser/compare.js","n=1",6.078714070894267,0.164508478
"new","tap_parser/compare.js","n=1",6.302916291296487,0.158656716
"old","tap_parser/compare.js","n=1",6.32595022825863,0.158079018
"new","tap_parser/compare.js","n=1",6.178783075944899,0.161844167
"old","tap_parser/compare.js","n=1",6.228426521203176,0.160554194
"new","tap_parser/compare.js","n=1",6.18029607153312,0.161804546
"old","tap_parser/compare.js","n=1",6.284882354041401,0.159111968
"new","tap_parser/compare.js","n=1",6.337576072222967,0.157789033
"old","tap_parser/compare.js","n=1",6.3373339676328655,0.157795061
"new","tap_parser/compare.js","n=1",6.267798275024194,0.159545658
"old","tap_parser/compare.js","n=1",6.243714647580364,0.160161067
"new","tap_parser/compare.js","n=1",6.242212488795775,0.160199609
"old","tap_parser/compare.js","n=1",6.230865945311838,0.160491336
"new","tap_parser/compare.js","n=1",6.21657278875045,0.160860338
"old","tap_parser/compare.js","n=1",6.175310392713924,0.161935180
"new","tap_parser/compare.js","n=1",6.332626928799425,0.157912350
"old","tap_parser/compare.js","n=1",6.2068261705959324,0.161112938
"new","tap_parser/compare.js","n=1",6.365490769981094,0.157097078
"old","tap_parser/compare.js","n=1",6.279422232872122,0.159250320
"new","tap_parser/compare.js","n=1",6.326652776036542,0.158061464
"old","tap_parser/compare.js","n=1",6.1767962779860985,0.161896225
"new","tap_parser/compare.js","n=1",6.235475628674682,0.160372690
"old","tap_parser/compare.js","n=1",6.2361124115137745,0.160356314
"new","tap_parser/compare.js","n=1",6.215713580017685,0.160882574
"old","tap_parser/compare.js","n=1",5.929178102074833,0.168657440
"new","tap_parser/compare.js","n=1",6.259099635527621,0.159767388
"old","tap_parser/compare.js","n=1",6.1908742106232975,0.161528076
"new","tap_parser/compare.js","n=1",6.357429391480654,0.157296281
"old","tap_parser/compare.js","n=1",6.139186494310316,0.162888031
"new","tap_parser/compare.js","n=1",6.0610800003282685,0.164987098
"old","tap_parser/compare.js","n=1",6.202093864101084,0.161235870
"new","tap_parser/compare.js","n=1",6.28302894068685,0.159158904
"old","tap_parser/compare.js","n=1",6.135439344976078,0.162987513
"new","tap_parser/compare.js","n=1",6.323340753963408,0.158144253
"old","tap_parser/compare.js","n=1",6.337613265111292,0.157788107
"new","tap_parser/compare.js","n=1",6.190229388978181,0.161544902
"old","tap_parser/compare.js","n=1",6.183572202666331,0.161718820
"new","tap_parser/compare.js","n=1",6.194074706016517,0.161444614
"old","tap_parser/compare.js","n=1",6.298270059831109,0.158773757
"new","tap_parser/compare.js","n=1",6.346226362773895,0.157573957
"old","tap_parser/compare.js","n=1",6.242579913450376,0.160190180
"new","tap_parser/compare.js","n=1",6.17412120800139,0.161966370
"old","tap_parser/compare.js","n=1",6.248113226008576,0.160048316
"new","tap_parser/compare.js","n=1",6.290853827016392,0.158960934
"old","tap_parser/compare.js","n=1",6.283806604616297,0.159139207
"new","tap_parser/compare.js","n=1",6.128718708861359,0.163166242
"old","tap_parser/compare.js","n=1",6.2394955752180365,0.160269366
"new","tap_parser/compare.js","n=1",6.245413446432608,0.160117502
"old","tap_parser/compare.js","n=1",6.265936469519753,0.159593064
"new","tap_parser/compare.js","n=1",6.110816416989402,0.163644255
"old","tap_parser/compare.js","n=1",6.289708383520227,0.158989883
"new","tap_parser/compare.js","n=1",6.261116142126635,0.159715932
"old","tap_parser/compare.js","n=1",6.25792613279164,0.159797348
"new","tap_parser/compare.js","n=1",6.379545686267953,0.156750974
"old","tap_parser/compare.js","n=1",6.307594288647461,0.158539049
"new","tap_parser/compare.js","n=1",6.18657672340968,0.161640281
"old","tap_parser/compare.js","n=1",6.325591730483085,0.158087977
"new","tap_parser/compare.js","n=1",6.314908776564414,0.158355415
"old","tap_parser/compare.js","n=1",6.232526216825486,0.160448583
"new","tap_parser/compare.js","n=1",6.331975616347067,0.157928593
"old","tap_parser/compare.js","n=1",6.226109794109024,0.160613936
"new","tap_parser/compare.js","n=1",6.213827060170439,0.160931418
"old","tap_parser/compare.js","n=1",6.301355892994004,0.158696004
"new","tap_parser/compare.js","n=1",6.197076117855547,0.161366422
"old","tap_parser/compare.js","n=1",6.137776812046335,0.162925442
"new","tap_parser/compare.js","n=1",6.202896637355768,0.161215003
"old","tap_parser/compare.js","n=1",6.197263725865477,0.161361537
"new","tap_parser/compare.js","n=1",6.190704656957578,0.161532500
"old","tap_parser/compare.js","n=1",6.363723720207433,0.157140700
"new","tap_parser/compare.js","n=1",6.269968871172047,0.159490425
"old","tap_parser/compare.js","n=1",6.259914295763774,0.159746596
"new","tap_parser/compare.js","n=1",6.308718913874297,0.158510787
"old","tap_parser/compare.js","n=1",6.282950423003721,0.159160893
"new","tap_parser/compare.js","n=1",6.265814956110567,0.159596159
"old","tap_parser/compare.js","n=1",6.2501518396262545,0.159996113
"new","tap_parser/compare.js","n=1",6.278480285308208,0.159274212
"old","tap_parser/compare.js","n=1",6.293563812702886,0.158892486
"new","tap_parser/compare.js","n=1",6.280050315511926,0.159234393
"old","tap_parser/compare.js","n=1",6.231316604479062,0.160479729
"new","tap_parser/compare.js","n=1",6.356156756173537,0.157327775
"old","tap_parser/compare.js","n=1",6.196489248889768,0.161381705
"new","tap_parser/compare.js","n=1",6.242492661278809,0.160192419
"old","tap_parser/compare.js","n=1",6.230027311193727,0.160512940
"new","tap_parser/compare.js","n=1",6.193072580122846,0.161470738
"old","tap_parser/compare.js","n=1",6.327539167752187,0.158039322
"new","tap_parser/compare.js","n=1",6.12187545981024,0.163348635
"old","tap_parser/compare.js","n=1",6.150855551100081,0.162579009
"new","tap_parser/compare.js","n=1",6.342414569530905,0.157668659
"old","tap_parser/compare.js","n=1",6.347598049220621,0.157539906
"new","tap_parser/compare.js","n=1",6.315288279111036,0.158345899
"old","tap_parser/compare.js","n=1",6.0969402773483505,0.164016696
"new","tap_parser/compare.js","n=1",6.32694186088343,0.158054242
"old","tap_parser/compare.js","n=1",6.285975581147244,0.159084296
"new","tap_parser/compare.js","n=1",6.163503738371495,0.162245379
"old","tap_parser/compare.js","n=1",6.322070417369813,0.158176030
"new","tap_parser/compare.js","n=1",6.3059903761884595,0.158579373
"old","tap_parser/compare.js","n=1",5.950463734217444,0.168054129
"new","tap_parser/compare.js","n=1",6.328210632060855,0.158022553
"old","tap_parser/compare.js","n=1",6.2236866805929125,0.160676469
"new","tap_parser/compare.js","n=1",6.263856158761493,0.159646067
"old","tap_parser/compare.js","n=1",6.193769975411414,0.161452557
"new","tap_parser/compare.js","n=1",6.219920271195988,0.160773765
"old","tap_parser/compare.js","n=1",6.294752979068958,0.158862469
"new","tap_parser/compare.js","n=1",6.10625035603256,0.163766623
"old","tap_parser/compare.js","n=1",6.073466939726501,0.164650604
"new","tap_parser/compare.js","n=1",6.313721829475401,0.158385185
"old","tap_parser/compare.js","n=1",6.333757410060724,0.157884165
"new","tap_parser/compare.js","n=1",6.252794373805654,0.159928496
"old","tap_parser/compare.js","n=1",6.190324038206877,0.161542432
"new","tap_parser/compare.js","n=1",5.834261228824818,0.171401307
"old","tap_parser/compare.js","n=1",6.185467443413751,0.161669269
"new","tap_parser/compare.js","n=1",6.2324983266832685,0.160449301
"old","tap_parser/compare.js","n=1",6.19285239678777,0.161476479
"new","tap_parser/compare.js","n=1",6.29065833337286,0.158965874
"old","tap_parser/compare.js","n=1",6.261195957551496,0.159713896
"new","tap_parser/compare.js","n=1",6.217003371176295,0.160849197
"old","tap_parser/compare.js","n=1",6.342000387166439,0.157678956
"new","tap_parser/compare.js","n=1",6.1904611889252426,0.161538853
"old","tap_parser/compare.js","n=1",6.291975696790848,0.158932591
"new","tap_parser/compare.js","n=1",6.291072129419333,0.158955418
"old","tap_parser/compare.js","n=1",6.197772878658682,0.161348281
"new","tap_parser/compare.js","n=1",6.206559321533692,0.161119865
"old","tap_parser/compare.js","n=1",6.346316861065987,0.157571710
"new","tap_parser/compare.js","n=1",6.2727887671565705,0.159418727
"old","tap_parser/compare.js","n=1",6.330219909624084,0.157972395
"new","tap_parser/compare.js","n=1",6.264046105484056,0.159641226
"old","tap_parser/compare.js","n=1",6.199866753703703,0.161293789
"new","tap_parser/compare.js","n=1",6.2062113774277785,0.161128898
"old","tap_parser/compare.js","n=1",6.16121819359675,0.162305565
"new","tap_parser/compare.js","n=1",6.151260920833303,0.162568295
"old","tap_parser/compare.js","n=1",6.186607533917024,0.161639476
"new","tap_parser/compare.js","n=1",6.221555863172781,0.160731499
"old","tap_parser/compare.js","n=1",6.204244434052886,0.161179981
"new","tap_parser/compare.js","n=1",6.231847757006247,0.160466051
"old","tap_parser/compare.js","n=1",6.135699548684324,0.162980601
"new","tap_parser/compare.js","n=1",6.204112484058456,0.161183409
"old","tap_parser/compare.js","n=1",6.270187181139036,0.159484872
"new","tap_parser/compare.js","n=1",6.194809359326126,0.161425468
"old","tap_parser/compare.js","n=1",6.330409654735659,0.157967660
"new","tap_parser/compare.js","n=1",6.227888310720109,0.160568069
"old","tap_parser/compare.js","n=1",6.126450664639334,0.163226647
"new","tap_parser/compare.js","n=1",6.299476323273351,0.158743354
"old","tap_parser/compare.js","n=1",6.3592529999171905,0.157251174
"new","tap_parser/compare.js","n=1",6.161820649414489,0.162289696
"old","tap_parser/compare.js","n=1",6.183829277781241,0.161712097
"new","tap_parser/compare.js","n=1",5.970104985848404,0.167501242
"old","tap_parser/compare.js","n=1",6.095031834716975,0.164068052
"new","tap_parser/compare.js","n=1",6.1775248918732375,0.161877130
"old","tap_parser/compare.js","n=1",6.328195374476467,0.158022934
"new","tap_parser/compare.js","n=1",6.296393043873412,0.158821089
"old","tap_parser/compare.js","n=1",6.218303364531184,0.160815570
"new","tap_parser/compare.js","n=1",6.297383758844511,0.158796103
"old","tap_parser/compare.js","n=1",6.363370565647836,0.157149421
"new","tap_parser/compare.js","n=1",6.302774827501405,0.158660277
"old","tap_parser/compare.js","n=1",6.29600304479744,0.158830927
"new","tap_parser/compare.js","n=1",6.22073018147058,0.160752833
"old","tap_parser/compare.js","n=1",6.2830469420008415,0.159158448
"new","tap_parser/compare.js","n=1",6.188425054673033,0.161592003
"old","tap_parser/compare.js","n=1",6.279624757757195,0.159245184
"new","tap_parser/compare.js","n=1",6.232805908934355,0.160441383
"old","tap_parser/compare.js","n=1",6.24088709566845,0.160233631
"new","tap_parser/compare.js","n=1",6.272301717583268,0.159431106
"old","tap_parser/compare.js","n=1",6.157748650737207,0.162397015
"new","tap_parser/compare.js","n=1",6.28113981055316,0.159206773
"old","tap_parser/compare.js","n=1",6.351415754707104,0.157445212
"new","tap_parser/compare.js","n=1",6.274268950729785,0.159381118
"old","tap_parser/compare.js","n=1",6.226538054368374,0.160602889
"new","tap_parser/compare.js","n=1",6.1101217839534385,0.163662859
"old","tap_parser/compare.js","n=1",6.305477005426065,0.158592284
"new","tap_parser/compare.js","n=1",6.3121281868507095,0.158425173
"old","tap_parser/compare.js","n=1",6.239638651044784,0.160265691
"new","tap_parser/compare.js","n=1",6.250565090150181,0.159985535
"old","tap_parser/compare.js","n=1",6.292238855601826,0.158925944
"new","tap_parser/compare.js","n=1",6.289470911215904,0.158995886
"old","tap_parser/compare.js","n=1",6.2568073281629495,0.159825922
"new","tap_parser/compare.js","n=1",6.237887737433033,0.160310676
"old","tap_parser/compare.js","n=1",6.27568985018623,0.159345032
"new","tap_parser/compare.js","n=1",6.2012427290428995,0.161258000
"old","tap_parser/compare.js","n=1",6.234342565540568,0.160401837
"new","tap_parser/compare.js","n=1",6.2179782668974894,0.160823978
"old","tap_parser/compare.js","n=1",6.267493671648965,0.159553412
"new","tap_parser/compare.js","n=1",6.1884253227492785,0.161591996
"old","tap_parser/compare.js","n=1",6.3238533186017065,0.158131435
"new","tap_parser/compare.js","n=1",6.189226668134916,0.161571074
"old","tap_parser/compare.js","n=1",6.283969489518345,0.159135082
"new","tap_parser/compare.js","n=1",6.285543333302576,0.159095236
"old","tap_parser/compare.js","n=1",6.233811259694417,0.160415508
"new","tap_parser/compare.js","n=1",6.2218476172208845,0.160723962
"old","tap_parser/compare.js","n=1",6.361167808376486,0.157203839
"new","tap_parser/compare.js","n=1",6.276098764455817,0.159334650
"old","tap_parser/compare.js","n=1",6.1779147012351805,0.161866916
"new","tap_parser/compare.js","n=1",6.214100635731701,0.160924333
"old","tap_parser/compare.js","n=1",6.212505278610422,0.160965658
"new","tap_parser/compare.js","n=1",6.279381264181237,0.159251359
"old","tap_parser/compare.js","n=1",6.254398092738814,0.159887488
"new","tap_parser/compare.js","n=1",6.080688363110008,0.164455065
"old","tap_parser/compare.js","n=1",6.14981528107331,0.162606510
"new","tap_parser/compare.js","n=1",6.183705842349821,0.161715325
"old","tap_parser/compare.js","n=1",6.140319426907778,0.162857977
"new","tap_parser/compare.js","n=1",6.293960045929041,0.158882483
"old","tap_parser/compare.js","n=1",6.281001018960514,0.159210291
"new","tap_parser/compare.js","n=1",6.20817189861802,0.161078014
"old","tap_parser/compare.js","n=1",6.17319926650787,0.161990559
"new","tap_parser/compare.js","n=1",6.35481448307467,0.157361006
"old","tap_parser/compare.js","n=1",6.282428245465679,0.159174122
"new","tap_parser/compare.js","n=1",6.2378721340634495,0.160311077
"old","tap_parser/compare.js","n=1",6.253071586926894,0.159921406
"new","tap_parser/compare.js","n=1",6.133953233918595,0.163027001
"old","tap_parser/compare.js","n=1",6.259752812251854,0.159750717
"new","tap_parser/compare.js","n=1",6.299028567593723,0.158754638
"old","tap_parser/compare.js","n=1",6.325726897659399,0.158084599
"new","tap_parser/compare.js","n=1",6.278873675296574,0.159264233
"old","tap_parser/compare.js","n=1",6.324115991193213,0.158124867
"new","tap_parser/compare.js","n=1",6.096654618681353,0.164024381
"old","tap_parser/compare.js","n=1",6.335421959344165,0.157842683
"new","tap_parser/compare.js","n=1",6.212763336982545,0.160958972
"old","tap_parser/compare.js","n=1",6.225017526225594,0.160642118
"new","tap_parser/compare.js","n=1",6.171856047580172,0.162025814
"old","tap_parser/compare.js","n=1",6.211399992351282,0.160994301
"new","tap_parser/compare.js","n=1",6.2914576783362275,0.158945677
"old","tap_parser/compare.js","n=1",6.2696467217083125,0.159498620
"new","tap_parser/compare.js","n=1",6.14862205752004,0.162638066
"old","tap_parser/compare.js","n=1",6.165729088431914,0.162186821
"new","tap_parser/compare.js","n=1",6.261646074669566,0.159702415
"old","tap_parser/compare.js","n=1",6.21628176102712,0.160867869
"new","tap_parser/compare.js","n=1",6.337101077902871,0.157800860
"old","tap_parser/compare.js","n=1",6.245910685163598,0.160104755
"new","tap_parser/compare.js","n=1",6.3193390264595655,0.158244398
"old","tap_parser/compare.js","n=1",6.248787813274073,0.160031038
"new","tap_parser/compare.js","n=1",6.239654808319177,0.160265276
"old","tap_parser/compare.js","n=1",6.218002354197871,0.160823355
"new","tap_parser/compare.js","n=1",6.291624681082263,0.158941458
"old","tap_parser/compare.js","n=1",6.286145454227032,0.159079997
"new","tap_parser/compare.js","n=1",6.265060382871247,0.159615381
"old","tap_parser/compare.js","n=1",6.286889621525284,0.159061167
"new","tap_parser/compare.js","n=1",6.1690127380982895,0.162100492
"old","tap_parser/compare.js","n=1",6.320972511455878,0.158203504
"new","tap_parser/compare.js","n=1",6.295028615091249,0.158855513
"old","tap_parser/compare.js","n=1",6.238468775325259,0.160295745
"new","tap_parser/compare.js","n=1",6.184190511508683,0.161702651
"old","tap_parser/compare.js","n=1",6.3334530609299975,0.157891752
"new","tap_parser/compare.js","n=1",6.258340255370573,0.159786774
"old","tap_parser/compare.js","n=1",6.235356110291079,0.160375764
"new","tap_parser/compare.js","n=1",6.262069865700581,0.159691607
"old","tap_parser/compare.js","n=1",6.1681426939611175,0.162123357
"new","tap_parser/compare.js","n=1",6.238364592260303,0.160298422
"old","tap_parser/compare.js","n=1",6.19550365287515,0.161407378
"new","tap_parser/compare.js","n=1",5.984700185791426,0.167092748
"old","tap_parser/compare.js","n=1",6.277121913740808,0.159308679
"new","tap_parser/compare.js","n=1",6.343497362684628,0.157641746
"old","tap_parser/compare.js","n=1",6.161690535710499,0.162293123
"new","tap_parser/compare.js","n=1",6.260405890160478,0.159734052
"old","tap_parser/compare.js","n=1",6.33497160767085,0.157853904
"new","tap_parser/compare.js","n=1",6.274941598647922,0.159364033
"old","tap_parser/compare.js","n=1",6.175161862570847,0.161939075
"new","tap_parser/compare.js","n=1",6.324514240940339,0.158114910
"old","tap_parser/compare.js","n=1",6.332453852590834,0.157916666
"new","tap_parser/compare.js","n=1",6.100635249387503,0.163917356
"old","tap_parser/compare.js","n=1",6.156885002840941,0.162419795
"new","tap_parser/compare.js","n=1",6.380594743147946,0.156725202
"old","tap_parser/compare.js","n=1",6.096625106481368,0.164025175
"new","tap_parser/compare.js","n=1",6.205681851558514,0.161142647
"old","tap_parser/compare.js","n=1",6.135010727066256,0.162998900
"new","tap_parser/compare.js","n=1",6.231630399907154,0.160471648
"old","tap_parser/compare.js","n=1",6.287146781570896,0.159054661
"new","tap_parser/compare.js","n=1",6.266430188301841,0.159580490
"old","tap_parser/compare.js","n=1",6.208824820025571,0.161061075
"new","tap_parser/compare.js","n=1",6.27524456369445,0.159356339
"old","tap_parser/compare.js","n=1",6.203477832203852,0.161199899
"new","tap_parser/compare.js","n=1",6.08696520228081,0.164285480
"old","tap_parser/compare.js","n=1",6.370986101165029,0.156961573
"new","tap_parser/compare.js","n=1",6.194992608537494,0.161420693
"old","tap_parser/compare.js","n=1",6.209202165518864,0.161051287
"new","tap_parser/compare.js","n=1",6.26801670887779,0.159540098
"old","tap_parser/compare.js","n=1",6.0940183443846525,0.164095338
"new","tap_parser/compare.js","n=1",6.2697811988685626,0.159495199
"old","tap_parser/compare.js","n=1",6.227966427897851,0.160566055
"new","tap_parser/compare.js","n=1",6.316790784762397,0.158308235
"old","tap_parser/compare.js","n=1",6.400101213760635,0.156247529
"new","tap_parser/compare.js","n=1",6.161975790706274,0.162285610
"old","tap_parser/compare.js","n=1",6.118573949353969,0.163436776
"new","tap_parser/compare.js","n=1",6.181599519536414,0.161770428
"old","tap_parser/compare.js","n=1",6.272591089642597,0.159423751
"new","tap_parser/compare.js","n=1",6.344955994113556,0.157605506
"old","tap_parser/compare.js","n=1",6.149255327946951,0.162621317
"new","tap_parser/compare.js","n=1",6.272962099352655,0.159414322
"old","tap_parser/compare.js","n=1",6.252234470446807,0.159942818
"new","tap_parser/compare.js","n=1",6.176761826188788,0.161897128
"old","tap_parser/compare.js","n=1",6.299357751500189,0.158746342
"new","tap_parser/compare.js","n=1",6.329824707278206,0.157982258
"old","tap_parser/compare.js","n=1",6.13102365410236,0.163104900
"new","tap_parser/compare.js","n=1",6.244205728320691,0.160148471
"old","tap_parser/compare.js","n=1",6.341726534414821,0.157685765
"new","tap_parser/compare.js","n=1",6.1796149580793465,0.161822380
"old","tap_parser/compare.js","n=1",6.246643444228288,0.160085974
"new","tap_parser/compare.js","n=1",6.156759229211423,0.162423113
"old","tap_parser/compare.js","n=1",6.219920077758952,0.160773770
"new","tap_parser/compare.js","n=1",6.10028475275186,0.163926774
"old","tap_parser/compare.js","n=1",6.298036462431715,0.158779646
"new","tap_parser/compare.js","n=1",6.227619337316037,0.160575004
"old","tap_parser/compare.js","n=1",6.267179317756739,0.159561415
"new","tap_parser/compare.js","n=1",6.182293492278615,0.161752269
"old","tap_parser/compare.js","n=1",6.2076078194280875,0.161092651
"new","tap_parser/compare.js","n=1",6.22407493845977,0.160666446
"old","tap_parser/compare.js","n=1",6.159044235573735,0.162362854
"new","tap_parser/compare.js","n=1",6.209333291093309,0.161047886
"old","tap_parser/compare.js","n=1",6.228876012777866,0.160542608
"new","tap_parser/compare.js","n=1",6.240094941297306,0.160253972
"old","tap_parser/compare.js","n=1",6.373924225004115,0.156889220
"new","tap_parser/compare.js","n=1",6.237102335063213,0.160330863
"old","tap_parser/compare.js","n=1",6.023169361722755,0.166025549
"new","tap_parser/compare.js","n=1",6.177278338235035,0.161883591
"old","tap_parser/compare.js","n=1",6.3516140343663094,0.157440297
"new","tap_parser/compare.js","n=1",6.254886238943785,0.159875010
"old","tap_parser/compare.js","n=1",6.223003521697261,0.160694108
"new","tap_parser/compare.js","n=1",6.134803911268773,0.163004395
"old","tap_parser/compare.js","n=1",6.130065648712052,0.163130390
"new","tap_parser/compare.js","n=1",6.0676873091128325,0.164807438
"old","tap_parser/compare.js","n=1",6.208771892005516,0.161062448
"new","tap_parser/compare.js","n=1",6.160953885210881,0.162312528
"old","tap_parser/compare.js","n=1",6.086708448673923,0.164292410
"new","tap_parser/compare.js","n=1",6.203551104962564,0.161197995
"old","tap_parser/compare.js","n=1",6.094182271775129,0.164090924
"new","tap_parser/compare.js","n=1",6.15914218226981,0.162360272
"old","tap_parser/compare.js","n=1",6.098849989867981,0.163965338
"new","tap_parser/compare.js","n=1",6.17593109340753,0.161918905
"old","tap_parser/compare.js","n=1",6.245106100668037,0.160125382
"new","tap_parser/compare.js","n=1",6.2382460527435715,0.160301468
"old","tap_parser/compare.js","n=1",6.094794867824348,0.164074431
"new","tap_parser/compare.js","n=1",6.374870444304818,0.156865933
"old","tap_parser/compare.js","n=1",6.199741985337796,0.161297035
"new","tap_parser/compare.js","n=1",6.20772535155761,0.161089601
